{
    "credentials": {
        "37": {
            "access_token": "f873fb89dd73e56eab6a932966c795284afd70fd",
            "session_key" : "2550feba2197538cc1e0c62772e68fb5f61aa162"
        },
        "51": {
            "access_token": "e2cfa7329c3c9e9205ff64e30c884348824bdd8f",
            "session_key": "c2a04ac4259221ac58bb836fdc414c703e17d8bf"
        },
        "56": {
            "session_key": "0e90f63b16d19f14f538334a4c7ef1da18ee725a",
            "access_token": "bd223954325d4ec55ebaae368ba1e5a3303bfb81"
        },
        "64": {
            "session_key": "aa4355d4526c632dbac19cfa41749d56dfc6d863",
            "access_token": "e0cd1e081c4ef8731d735964491a3d542655a954"
        },
        "70": {
            "session_key": "4514d3658533907e029dcc37a46bd42d170bd4f6",
            "access_token": "1b2050e150e418b0f68c60f027672dc3dc9aa559"
        },
        "82": {
            "session_key": "fca0f09f5b3fa7d79eb2ee4876ddfbfee397a737",
            "access_token": "4b0770424aca3be7cd2d1050afc5c6ca299a21f5"
        },
        "83": {
            "session_key": "083d5bfed795dff94af42bf7ab0b08f3262a682a",
            "access_token": "92f8a451d4a7d3ab4aa6f8ea3a769d954e3a7cd1"
        },
        "87": {
            "session_key": "42f9d5c77baf6663762ab3211e208ce322d56e49",
            "access_token": "901300bbed5f0e7885e05bbc3431ce3678ac7ca8"
        },
        "89": {
            "session_key": "a18a654b54d71d0d8c6fd3b32c6608cde9492adb",
            "access_token": "c352c36d887417b5de10da1e1b27f1ee0cda3817"
        },
        "90": {
            "session_key": "e9c909dc6daa15bd0e4834a06fcf8bdb75e4ef03",
            "access_token": "5cea5db3f2e5e5895058186153d83e2b9ebe29b9"
        },
        "91": {
            "session_key": "a5d4713f401ba3887ad86bd39cfb293cfe75d6e0",
            "access_token": "832cb72f87716e84ec0c9bca219a3a6ceb57038e"
        },
        "92": {
            "access_token": "0de832432f4df4c5b4cc99dba820bd01f4161280",
            "session_key": "9dc826b75e92d6b954fd0ba566de7f96584d86c6"
        },
        "95": {
            "session_key": "e6ef3668d19a548c620aaf920291609ed71b3138",
            "access_token": "82b0c017f78fc2d8ebacc0d6125e0d25c621469e"
        },
        "96": {
            "session_key": "11daac1af5cc67d3c90a6a8e5ab88c6f24e6b161",
            "access_token": "c076e79123449320bad24ba261f397a7fb2c8be7"
        },
        "97": {
            "access_token": "2a94f5dce9eea8cc0146677054a5b96bbcfab16a",
            "session_key": "c419fd8df73b5e75ecd8c2dd0b3da41d7afde23c"
        },
        "98": {
            "session_key": "36fe31de4f9753174c5fb24322ff2e0f877a822c",
            "access_token": "8b026a442bf38f26991375a28a71a3949dff5c24"
        },
        "99": {
            "session_key": "1b87f4f7a7e75c776bf107cd918c5d3c8995e4c9",
            "access_token": "62ee45f6af343262c69d5da8d8d514d3a0c245e7"
        },
        "100": {
            "access_token": "73a13f8e7de88a87a4cdba7c16e2457432bd7433",
            "session_key": "08091dcc2f4b0e125db97d0a284a81ca054c3cd0"
        },
        "101": {
            "session_key": "c0d65a2498cb173e2fdd135d31404b6dfcb7e219",
            "access_token": "7b2880b27788d971cf6d86057db9518e39689353"
        },
        "102": {
            "session_key": "6b111c9dfca31117df4d7ddd4330702202246c15",
            "access_token": "b9d84b68fb2f7b4ba75de62c1be5d1be77f14f6e"
        },
        "103": {
            "session_key": "7b42f213d58b237426d1b8ded26b99d61af5c839",
            "access_token": "f33cf5f906fddf8d547343096fe8260f58f148a0"
        },
        "104": {
            "session_key": "10a16114cff0400078ff820d518b8d2029494436",
            "access_token": "222e906742ee8e0c1448bceb8e515d55c4cc3465"
        },
        "105": {
            "session_key": "f5cb632b819f8baefec82f0b50dfafacd57ee215",
            "access_token": "1efcd7baea2021ca46e56dc338b5f0300e3b5a79"
        },
        "106": {
            "session_key": "d5b2d1c049bf37cb1ad245a1e4136c511472f569",
            "access_token": "9f0c9be1a0055cf7b1e57670e9fa5f8d84c01621"
        },
        "107": {
            "access_token": "d5e68ba1132b759f55efd44085ee949dd79e8dfc",
            "session_key": "7ecedd4aee5888a1e3649c504438b2c706a0eac9"
        },
        "108": {
            "access_token": "d2525db3c4383c284bdb94fe7d46ed5ff992e2c4",
            "session_key": "f3281b817d7b4fba864b5cd6169999b8c8b6bb26"
        },
        "109": {
            "access_token": "87fd1b37dd5a8236280cd5c1678da1a8d689d223",
            "session_key": "039d458ad68d2adb3506bf50d0d14b67780cbb01"
        },
        "110": {
            "access_token": "4801759688b7b58fd4be96a80ebecde9b531d566",
            "session_key": "36aaf3133a7f5cb77fcadc0bf01eb85dfdd96bba"
        },
        "111": {
            "access_token": "82279557391c0a9a11bedf6df897d1719ca11aa4",
            "session_key": "3bbe31300593db80f757229237fa2b2789de70fa"
        },
        "112": {
            "access_token": "23acc8970b6d98adf45832d07505a3f34cb26980",
            "session_key": "d555be4add7470c26652a9b982741c92b26c650e"
        },
        "116": {
            "access_token": "6cab6ca964bbcbee4721c74fb101ebae8efdc788",
            "session_key": "29ab2064894adff1cee60019a829eb2273609fa3"
        },
        "500": {
            "access_token": "fcea3cc91927410e65fe5844b7e90f0229cb25e3",
            "session_key": "713efde036087848717497466912431724be0337"
        }
    },
    "webhooks": {
        "37": "https://discord.com/api/webhooks/1170208897835999283/NDLKmbRI99usA4RhWiM-pGAOTOJVjzgwTUB7a8WcIhkNtJSt6Ag9wwp5LF15-bfs2YpO",
        "51": "https://discord.com/api/webhooks/1166259639374057522/RsOWJUAWaGe2TC-Gt0lUAJGRN9KHtOjo9THLDcuD0LsN4fokZhXFcM-dMED5GhSlteRw",
        "56": "https://discord.com/api/webhooks/1148323822915833906/6TsgL0rY9AeTnwfplRalSdB9NTAsIAy2K-g2e4SEmAUVLgQ-UvAX9h-Sm2iI3ccbSjML",
        "64": "https://discord.com/api/webhooks/1148340820278268005/RWRoJm6jE-Jcsp7CN14D2oWJdBYT9PnKVbbwdT7icaGFzgRdVDqzgF3a7I3i7lbvVJgt",
        "70": "https://discord.com/api/webhooks/1141471828817231882/erUQWIFIZsmh6OJNt0KBhldHEKMjTUmoNy29V_PFWIHW9FbImY8ILfqjiy9sUMY8D5R-",
        "82": "https://discord.com/api/webhooks/1141472118081601546/y_p1QVSWbsltTce6V1KjgYGRe_AvnX9oSOxLu6VhAEVuOwkdebAU4rTodDsPG_qfOwmq",
        "83": "https://discord.com/api/webhooks/1143420977292779522/xofUdN05d1fIQZBO_3e60aZ8EZXWs2Zg1OuR3bdIBJPw3tQ1QJzGVvoCRUv0xVBpIRLD",
        "87": "https://discord.com/api/webhooks/1141427259849330860/zbUNY2hwf9gux8x49kNGL56ig1VT7SLctaxj-qSHo3GfQspFr0Zlyzw_kj9qqw4FWCR2",
        "89": "https://discord.com/api/webhooks/1170240778233188352/g4FH9CZrcpqlIJGVtojYUCFObpjfEzWjrsl0GIMRWHweKawi0AvTL17aYLX0xCTvEMPQ",
        "90": "https://discord.com/api/webhooks/1141472413159260250/NELlyMSuhWveTAUug0xlcVpfAF2UJkDaz0poWcNeGzd7gxfeS7lVjptYRb5nUAm4DNeV",
        "91": "https://discord.com/api/webhooks/1141472934687428618/IrEDuFiYWaJVrCbEl7COc4c_J_DnCBGYy7FR0jxP24zWABGqxnM9Fc8rupx6mUTB8r1w",
        "92": "https://discord.com/api/webhooks/1141473160089325640/0gSzt1RW9d4PDgH9sDY-P-zzqfBYTZTv0kfQkZCYUW-F5DKLdIjCLP4w2q0FoM0piH7I",
        "95": "https://discord.com/api/webhooks/1141475516596097094/thBuuFk9ZgCnINjPuwBSeA2ZLyqp4RHVDQQ9JLXnGFMhu8O5sAomjsPxee8t1PGDbkx0",
        "96": "https://discord.com/api/webhooks/1143666277160857672/kEEYEAa6lAPNnkm-q-L8AaZWKSfNxyujZzKfcmMzVHrtHSJlMTh0hXScEqCwIUbruUeQ",
        "97": "https://discord.com/api/webhooks/1165867504854376498/TmmGtaqRzdqNWRgB3ZMUptJKwxqycq7MppUUgg557AKWqM1PkjrLnMbN332CkD8V057U",
        "98": "https://discord.com/api/webhooks/1141475769864953876/DM3hTPiBv2oZupkhk1Cu06ISYYwUL06h3kWkS_jdG15NiLUAkvr5kTd-FSKRaDLFcqmV",
        "99": "https://discord.com/api/webhooks/1141475967366352966/rR6j4T0wxZWQ02paDqnK88wLUduNTRjr0PfiK5RRWt-Nn5r82K4maFf5RXDfs189pR_P",
        "100": "https://discord.com/api/webhooks/1156732434688245780/6GKaTulBITl5ZjRwPlKRoicofmZTuwlT2MRfgyEELKTC3vQW47IRXgCXrKrKxiSTVKFS",
        "101": "https://discord.com/api/webhooks/1142297823350636625/L29OVu0BWdolB6lYwrlfd8dwWDL8H-FkfbrZiwGOVcMvviG26GlDKuxh4Cw5Nfa62oNd",
        "102": "https://discord.com/api/webhooks/1141480754023501964/TkVR_52lHjFCXjZ6Crw-dlN-_-t20vy-P6BeYmQ0MEu0XdXVs3rqVqsKhGQPgpLLay6a",
        "103": "https://discord.com/api/webhooks/1141480898697625752/MCyCptxFNniB8J7bT3b09hqs4i4D2u1kLkhE30K-p4F1N610vPKeXN2KDzNsxr-GCenT",
        "104": "https://discord.com/api/webhooks/1142291311978881044/aQey9PxY2042Ldwygn58EfGgflA0VwP-KMMdTe8URQ2RVxROyl_xy1tsBROB73drxsc-",
        "105": "https://discord.com/api/webhooks/1141481067803590836/ZlIDexXVu4XJ0Te-lPTTv1jVKDknptgfh8t_audADVe0Xf-DtIqMCxX3kopFiBvVIDW7",
        "106": "https://discord.com/api/webhooks/1142264778379776021/v9RcxCoJouNVuWZNRAbvAFL_rypj1XilK0s_LcDsoQ9p-FOUNgKo6hOAu70o1n9IA5Eg",
        "107": "https://discord.com/api/webhooks/1142262414843334697/F_EFSLaOIYJb8ewzNzVJobferj4Dzie_H-lBJH7VTwgxkZMF73e2meXjPEMQ7BPaXLsT",
        "108": "https://discord.com/api/webhooks/1149410961896259677/ll0SxGbO-xHqRVw-zo5dXbgR778ZOHr_AMruh7WvPt7vBHy5JnuKrEHDIN6X0_zOS18E",
        "109": "https://discord.com/api/webhooks/1149444888421740566/jhIYfgbLtmUAFSBhyYEw9Qhx99RkFhHYEJRNH1mi1ZRR3ZBpt-DJsXSebt8jWeoZqB9_",
        "110": "https://discord.com/api/webhooks/1165836012677775371/n32aBSGCgulf-QrdIArh4ZQt7k6Q0qxTo7lVmltWbpAzZxPh86V6XHuNs2cXlerYFbBi",
        "111": "https://discord.com/api/webhooks/1165864158370201662/W444KP9lzubY9m1J9TylFmaY1D_wSi6sT-Dt9nze5rSBF5v4G5kYVsP11tw9JoGpQsU_",
        "112": "https://discord.com/api/webhooks/1165858512757346337/ANRL7rM0DpxqXHnSbO8hUyPN7Q5RbextXY6DZIiLGmvUqXuMZA5gX8cpFF0Ya8_sqCxl",
        "116": "https://discord.com/api/webhooks/1172028801052581948/IKOAGKSoE1iDNDM5qvDEqC3DMldt724pO-CYM4oPm87ylOBF8KJVbj6XXLlYTIZBlpYj",
        "500": "https://discord.com/api/webhooks/1148716189531525170/rhMXyjFCA1qfNAjBj1alWGFlb4ZR9H4FfFwrCiPJb0jh1acJOLP8WuGEUvwXGDusaRv-"
    }
}
